ac_number,pdf_url,page_number,total_electors,total_votes_polled,status
1,https://elections.tn.gov.in/Form20_TNLA2026/dt1/AC001.pdf,8.0,254175.0,232630.0,OK
2,https://elections.tn.gov.in/Form20_TNLA2026/dt1/AC002.pdf,8.0,251421.0,226873.0,OK
3,https://elections.tn.gov.in/Form20_TNLA2026/dt1/AC003.pdf,8.0,262500.0,239451.0,OK
4,https://elections.tn.gov.in/Form20_TNLA2026/dt1/AC004.pdf,8.0,251111.0,226788.0,OK
5,https://elections.tn.gov.in/Form20_TNLA2026/dt1/AC005.pdf,12.0,368694.0,309019.0,OK
6,https://elections.tn.gov.in/Form20_TNLA2026/dt1/AC006.pdf,9.0,436522.0,346358.0,OK
7,https://elections.tn.gov.in/Form20_TNLA2026/dt1/AC007.pdf,9.0,373321.0,294170.0,OK
8,https://elections.tn.gov.in/Form20_TNLA2026/dt1/AC008.pdf,6.0,337081.0,260675.0,OK
9,https://elections.tn.gov.in/Form20_TNLA2026/dt1/AC009.pdf,11.0,431866.0,362249.0,OK
10,https://elections.tn.gov.in/Form20_TNLA2026/dt1/AC010.pdf,9.0,244931.0,207167.0,OK
11,https://elections.tn.gov.in/Form20_TNLA2026/dt2/AC011.pdf,3.0,199394.0,181348.0,OK
12,https://elections.tn.gov.in/Form20_TNLA2026/dt2/AC012.pdf,3.0,226345.0,204619.0,OK
13,https://elections.tn.gov.in/Form20_TNLA2026/dt2/AC013.pdf,4.0,211833.0,184284.0,OK
14,https://elections.tn.gov.in/Form20_TNLA2026/dt2/AC014.pdf,4.0,163416.0,141650.0,OK
15,https://elections.tn.gov.in/Form20_TNLA2026/dt2/AC015.pdf,4.0,181658.0,143940.0,OK
16,https://elections.tn.gov.in/Form20_TNLA2026/dt2/AC016.pdf,4.0,138796.0,119915.0,OK
17,https://elections.tn.gov.in/Form20_TNLA2026/dt2/AC017.pdf,3.0,159672.0,127420.0,OK
18,https://elections.tn.gov.in/Form20_TNLA2026/dt2/AC018.pdf,4.0,120142.0,99634.0,OK
19,https://elections.tn.gov.in/Form20_TNLA2026/dt2/AC019.pdf,4.0,166050.0,140834.0,OK
20,https://elections.tn.gov.in/Form20_TNLA2026/dt2/AC020.pdf,5.0,157551.0,131905.0,OK
21,https://elections.tn.gov.in/Form20_TNLA2026/dt2/AC021.pdf,4.0,188908.0,163432.0,OK
22,https://elections.tn.gov.in/Form20_TNLA2026/dt2/AC022.pdf,5.0,200627.0,172888.0,OK
23,https://elections.tn.gov.in/Form20_TNLA2026/dt2/AC023.pdf,7.0,204177.0,160496.0,OK
24,https://elections.tn.gov.in/Form20_TNLA2026/dt2/AC024.pdf,4.0,158791.0,134147.0,OK
25,https://elections.tn.gov.in/Form20_TNLA2026/dt2/AC025.pdf,5.0,199496.0,150800.0,OK
26,https://elections.tn.gov.in/Form20_TNLA2026/dt2/AC026.pdf,5.0,217208.0,185042.0,OK
27,https://elections.tn.gov.in/Form20_TNLA2026/dt35/AC027.pdf,14.0,553978.0,447295.0,MISSING_ELECTORS
28,https://elections.tn.gov.in/Form20_TNLA2026/dt3/AC028.pdf,6.0,301127.0,261666.0,OK
29,https://elections.tn.gov.in/Form20_TNLA2026/dt3/AC029.pdf,10.0,381807.0,331155.0,OK
30,https://elections.tn.gov.in/Form20_TNLA2026/dt35/AC030.pdf,10.0,337024.0,283677.0,MISSING_ELECTORS
31,https://elections.tn.gov.in/Form20_TNLA2026/dt35/AC031.pdf,16.0,330181.0,279036.0,MISSING_ELECTORS
32,https://elections.tn.gov.in/Form20_TNLA2026/dt35/AC032.pdf,16.0,372889.0,319901.0,MISSING_ELECTORS
33,https://elections.tn.gov.in/Form20_TNLA2026/dt35/AC033.pdf,20.0,294452.0,262409.0,MISSING_ELECTORS
34,https://elections.tn.gov.in/Form20_TNLA2026/dt35/AC034.pdf,11.0,204049.0,187584.0,MISSING_ELECTORS
35,https://elections.tn.gov.in/Form20_TNLA2026/dt35/AC035.pdf,15.0,212666.0,198551.0,MISSING_ELECTORS
36,https://elections.tn.gov.in/Form20_TNLA2026/dt3/AC036.pdf,7.0,246248.0,228219.0,OK
37,https://elections.tn.gov.in/Form20_TNLA2026/dt3/AC037.pdf,8.0,278841.0,246886.0,OK
38,https://elections.tn.gov.in/Form20_TNLA2026/dt37/AC038.pdf,26.0,200773.0,182493.0,OK
39,https://elections.tn.gov.in/Form20_TNLA2026/dt37/AC039.pdf,26.0,257522.0,233969.0,MISSING_POLLED
40,https://elections.tn.gov.in/Form20_TNLA2026/dt4/AC040.pdf,21.0,228736.0,204355.0,OK_VERIFIED_EXTRACTION
41,https://elections.tn.gov.in/Form20_TNLA2026/dt37/AC041.pdf,27.0,248244.0,221259.0,OK
42,https://elections.tn.gov.in/Form20_TNLA2026/dt37/AC042.pdf,26.0,245719.0,226005.0,OK
43,https://elections.tn.gov.in/Form20_TNLA2026/dt4/AC043.pdf,25.0,214504.0,190573.0,MISSING_POLLED
44,https://elections.tn.gov.in/Form20_TNLA2026/dt4/AC044.pdf,22.0,238715.0,217085.0,OK_VERIFIED_EXTRACTION
45,https://elections.tn.gov.in/Form20_TNLA2026/dt4/AC045.pdf,25.0,215304.0,190379.0,OK_VERIFIED_EXTRACTION
46,https://elections.tn.gov.in/Form20_TNLA2026/dt4/AC046.pdf,32.0,251588.0,229252.0,OK_VERIFIED_EXTRACTION
47,https://elections.tn.gov.in/Form20_TNLA2026/dt36/AC047.pdf,7.0,243320.0,212624.0,OK
48,https://elections.tn.gov.in/Form20_TNLA2026/dt36/AC048.pdf,7.0,214898.0,195785.0,OK
49,https://elections.tn.gov.in/Form20_TNLA2026/dt36/AC049.pdf,6.0,237465.0,213582.0,OK
50,https://elections.tn.gov.in/Form20_TNLA2026/dt36/AC050.pdf,5.0,227352.0,203263.0,OK
51,https://elections.tn.gov.in/Form20_TNLA2026/dt5/AC051.pdf,21.0,235925.0,205745.0,OK_VERIFIED_EXTRACTION
52,https://elections.tn.gov.in/Form20_TNLA2026/dt5/AC052.pdf,18.0,239318.0,214129.0,MISSING_POLLED
53,https://elections.tn.gov.in/Form20_TNLA2026/dt5/AC053.pdf,29.0,269394.0,267366.0,OK_VERIFIED_EXTRACTION
54,https://elections.tn.gov.in/Form20_TNLA2026/dt5/AC054.pdf,29.0,246739.0,245791.0,OK_VERIFIED_EXTRACTION
55,https://elections.tn.gov.in/Form20_TNLA2026/dt5/AC055.pdf,25.0,343040.0,277928.0,OK_VERIFIED_EXTRACTION
56,https://elections.tn.gov.in/Form20_TNLA2026/dt5/AC056.pdf,27.0,237961.0,237924.0,OK_VERIFIED_EXTRACTION
57,https://elections.tn.gov.in/Form20_TNLA2026/dt6/AC057.pdf,15.0,240861.0,225496.0,MISSING_ELECTORS
58,https://elections.tn.gov.in/Form20_TNLA2026/dt6/AC058.pdf,11.0,248832.0,228907.0,MISSING_ELECTORS
59,https://elections.tn.gov.in/Form20_TNLA2026/dt6/AC059.pdf,12.0,260979.0,238742.0,MISSING_ELECTORS
60,https://elections.tn.gov.in/Form20_TNLA2026/dt6/AC060.pdf,16.0,257016.0,236621.0,MISSING_ELECTORS
61,https://elections.tn.gov.in/Form20_TNLA2026/dt6/AC061.pdf,16.0,245971.0,220303.0,MISSING_ELECTORS
62,https://elections.tn.gov.in/Form20_TNLA2026/dt7/AC062.pdf,32.0,268997.0,243703.0,MISSING_POLLED
63,https://elections.tn.gov.in/Form20_TNLA2026/dt7/AC063.pdf,30.0,249849.0,220066.0,MISSING_POLLED
64,https://elections.tn.gov.in/Form20_TNLA2026/dt7/AC064.pdf,20.0,240823.0,220055.0,MISSING_POLLED
65,https://elections.tn.gov.in/Form20_TNLA2026/dt7/AC065.pdf,18.0,233595.0,214193.0,OK_VERIFIED_EXTRACTION
66,https://elections.tn.gov.in/Form20_TNLA2026/dt7/AC066.pdf,16.0,233774.0,212247.0,MISSING_POLLED
67,https://elections.tn.gov.in/Form20_TNLA2026/dt7/AC067.pdf,16.0,254963.0,230796.0,MISSING_POLLED
68,https://elections.tn.gov.in/Form20_TNLA2026/dt7/AC068.pdf,23.0,239856.0,222933.0,MISSING_POLLED
69,https://elections.tn.gov.in/Form20_TNLA2026/dt7/AC069.pdf,19.0,213474.0,191401.0,MISSING_POLLED
70,https://elections.tn.gov.in/Form20_TNLA2026/dt8/AC070.pdf,28.0,242992.0,217641.0,RECOVERED_LAST_PAGE
71,https://elections.tn.gov.in/Form20_TNLA2026/dt8/AC071.pdf,21.0,209098.0,189376.0,OK_VERIFIED_EXTRACTION
72,https://elections.tn.gov.in/Form20_TNLA2026/dt8/AC072.pdf,30.0,219300.0,196360.0,OK_VERIFIED_EXTRACTION
73,https://elections.tn.gov.in/Form20_TNLA2026/dt8/AC073.pdf,30.0,209885.0,192680.0,OK_VERIFIED_EXTRACTION
74,https://elections.tn.gov.in/Form20_TNLA2026/dt8/AC074.pdf,27.0,245994.0,215891.0,OK_VERIFIED_EXTRACTION
75,https://elections.tn.gov.in/Form20_TNLA2026/dt8/AC075.pdf,24.0,229182.0,209859.0,OK_VERIFIED_EXTRACTION
76,https://elections.tn.gov.in/Form20_TNLA2026/dt8/AC076.pdf,31.0,243404.0,217762.0,OK_VERIFIED_EXTRACTION
77,https://elections.tn.gov.in/Form20_TNLA2026/dt33/AC077.pdf,35.0,300789.0,271103.0,RECOVERED_LAST_PAGE
78,https://elections.tn.gov.in/Form20_TNLA2026/dt33/AC078.pdf,17.0,273641.0,244261.0,MISSING_ELECTORS
79,https://elections.tn.gov.in/Form20_TNLA2026/dt33/AC079.pdf,22.0,266003.0,235780.0,OK_VERIFIED_EXTRACTION
80,https://elections.tn.gov.in/Form20_TNLA2026/dt33/AC080.pdf,42.0,281622.0,249626.0,OK_VERIFIED_EXTRACTION
81,https://elections.tn.gov.in/Form20_TNLA2026/dt9/AC081.pdf,7.0,218375.0,196881.0,OK
82,https://elections.tn.gov.in/Form20_TNLA2026/dt9/AC082.pdf,7.0,228219.0,208562.0,OK
83,https://elections.tn.gov.in/Form20_TNLA2026/dt9/AC083.pdf,9.0,272937.0,253743.0,OK
84,https://elections.tn.gov.in/Form20_TNLA2026/dt9/AC084.pdf,8.0,294863.0,271493.0,OK
85,https://elections.tn.gov.in/Form20_TNLA2026/dt9/AC085.pdf,6.0,255869.0,231663.0,OK
86,https://elections.tn.gov.in/Form20_TNLA2026/dt9/AC086.pdf,8.0,276472.0,258490.0,OK
87,https://elections.tn.gov.in/Form20_TNLA2026/dt9/AC087.pdf,6.0,260590.0,244023.0,OK
88,https://elections.tn.gov.in/Form20_TNLA2026/dt9/AC088.pdf,4.0,258040.0,234789.0,OK
89,https://elections.tn.gov.in/Form20_TNLA2026/dt9/AC089.pdf,7.0,238685.0,210877.0,OK
90,https://elections.tn.gov.in/Form20_TNLA2026/dt9/AC090.pdf,5.0,226880.0,208117.0,OK
91,https://elections.tn.gov.in/Form20_TNLA2026/dt9/AC091.pdf,6.0,250504.0,236141.0,OK
92,https://elections.tn.gov.in/Form20_TNLA2026/dt10/AC092.pdf,9.0,222252.0,204680.0,OK_VERIFIED_EXTRACTION
93,https://elections.tn.gov.in/Form20_TNLA2026/dt10/AC093.pdf,12.0,229398.0,209816.0,OK_VERIFIED_EXTRACTION
94,https://elections.tn.gov.in/Form20_TNLA2026/dt10/AC094.pdf,8.0,237836.0,212283.0,OK_VERIFIED_EXTRACTION
95,https://elections.tn.gov.in/Form20_TNLA2026/dt10/AC095.pdf,9.0,205147.0,189019.0,OK_VERIFIED_EXTRACTION
96,https://elections.tn.gov.in/Form20_TNLA2026/dt10/AC096.pdf,8.0,209072.0,191217.0,OK_VERIFIED_EXTRACTION
97,https://elections.tn.gov.in/Form20_TNLA2026/dt10/AC097.pdf,13.0,220048.0,205359.0,OK_VERIFIED_EXTRACTION
98,https://elections.tn.gov.in/Form20_TNLA2026/dt11/AC098.pdf,4.0,179592.0,162573.0,OK
99,https://elections.tn.gov.in/Form20_TNLA2026/dt11/AC099.pdf,10.0,250217.0,221655.0,OK
100,https://elections.tn.gov.in/Form20_TNLA2026/dt11/AC100.pdf,6.0,207697.0,190905.0,OK
101,https://elections.tn.gov.in/Form20_TNLA2026/dt32/AC101.pdf,8.0,222434.0,200101.0,MISSING_ELECTORS
102,https://elections.tn.gov.in/Form20_TNLA2026/dt32/AC102.pdf,7.0,219586.0,203782.0,MISSING_ELECTORS
103,https://elections.tn.gov.in/Form20_TNLA2026/dt11/AC103.pdf,7.0,214451.0,201079.0,OK
104,https://elections.tn.gov.in/Form20_TNLA2026/dt11/AC104.pdf,8.0,223221.0,208464.0,OK
105,https://elections.tn.gov.in/Form20_TNLA2026/dt11/AC105.pdf,6.0,207413.0,185970.0,OK
106,https://elections.tn.gov.in/Form20_TNLA2026/dt11/AC106.pdf,5.0,239198.0,219988.0,OK
107,https://elections.tn.gov.in/Form20_TNLA2026/dt11/AC107.pdf,8.0,237629.0,214838.0,OK
108,https://elections.tn.gov.in/Form20_TNLA2026/dt12/AC108.pdf,11.0,188968.0,149032.0,OK
109,https://elections.tn.gov.in/Form20_TNLA2026/dt12/AC109.pdf,11.0,185460.0,151412.0,OK
110,https://elections.tn.gov.in/Form20_TNLA2026/dt12/AC110.pdf,11.0,177978.0,141719.0,OK
111,https://elections.tn.gov.in/Form20_TNLA2026/dt13/AC111.pdf,5.0,282235.0,244535.0,OK
112,https://elections.tn.gov.in/Form20_TNLA2026/dt32/AC112.pdf,10.0,253372.0,231948.0,MISSING_ELECTORS
113,https://elections.tn.gov.in/Form20_TNLA2026/dt32/AC113.pdf,12.0,315863.0,263576.0,MISSING_ELECTORS
114,https://elections.tn.gov.in/Form20_TNLA2026/dt32/AC114.pdf,5.0,197104.0,179929.0,MISSING_ELECTORS
115,https://elections.tn.gov.in/Form20_TNLA2026/dt32/AC115.pdf,12.0,329875.0,301323.0,OK
116,https://elections.tn.gov.in/Form20_TNLA2026/dt13/AC116.pdf,8.0,307699.0,273735.0,OK
117,https://elections.tn.gov.in/Form20_TNLA2026/dt13/AC117.pdf,11.0,422240.0,364242.0,OK
118,https://elections.tn.gov.in/Form20_TNLA2026/dt13/AC118.pdf,5.0,296994.0,226267.0,OK
119,https://elections.tn.gov.in/Form20_TNLA2026/dt13/AC119.pdf,6.0,293379.0,258823.0,OK
120,https://elections.tn.gov.in/Form20_TNLA2026/dt13/AC120.pdf,4.0,188912.0,156709.0,OK
121,https://elections.tn.gov.in/Form20_TNLA2026/dt13/AC121.pdf,5.0,269997.0,221138.0,OK
122,https://elections.tn.gov.in/Form20_TNLA2026/dt13/AC122.pdf,17.0,305919.0,268432.0,OK
123,https://elections.tn.gov.in/Form20_TNLA2026/dt13/AC123.pdf,7.0,204008.0,181360.0,OK
124,https://elections.tn.gov.in/Form20_TNLA2026/dt13/AC124.pdf,11.0,173659.0,150529.0,OK
125,https://elections.tn.gov.in/Form20_TNLA2026/dt32/AC125.pdf,9.0,231009.0,203937.0,MISSING_ELECTORS
126,https://elections.tn.gov.in/Form20_TNLA2026/dt32/AC126.pdf,8.0,214837.0,188375.0,MISSING_ELECTORS
127,https://elections.tn.gov.in/Form20_TNLA2026/dt14/AC127.pdf,18.0,239881.0,208707.0,OK_VERIFIED_EXTRACTION
128,https://elections.tn.gov.in/Form20_TNLA2026/dt14/AC128.pdf,25.0,220263.0,201705.0,MISSING_ELECTORS
129,https://elections.tn.gov.in/Form20_TNLA2026/dt14/AC129.pdf,19.0,262329.0,237388.0,OK_VERIFIED_EXTRACTION
130,https://elections.tn.gov.in/Form20_TNLA2026/dt14/AC130.pdf,18.0,221565.0,197805.0,MISSING_ELECTORS
131,https://elections.tn.gov.in/Form20_TNLA2026/dt14/AC131.pdf,18.0,261393.0,239317.0,MISSING_ELECTORS
132,https://elections.tn.gov.in/Form20_TNLA2026/dt14/AC132.pdf,15.0,242126.0,212118.0,OK_VERIFIED_EXTRACTION
133,https://elections.tn.gov.in/Form20_TNLA2026/dt14/AC133.pdf,19.0,243998.0,226683.0,OK_VERIFIED_EXTRACTION
134,https://elections.tn.gov.in/Form20_TNLA2026/dt15/AC134.pdf,9.0,195538.0,181165.0,OK_VERIFIED_EXTRACTION
135,https://elections.tn.gov.in/Form20_TNLA2026/dt15/AC135.pdf,6.0,230068.0,214849.0,OK_VERIFIED_EXTRACTION
136,https://elections.tn.gov.in/Form20_TNLA2026/dt15/AC136.pdf,9.0,203090.0,189634.0,OK_VERIFIED_EXTRACTION
137,https://elections.tn.gov.in/Form20_TNLA2026/dt15/AC137.pdf,10.0,223376.0,209285.0,OK_VERIFIED_EXTRACTION
138,https://elections.tn.gov.in/Form20_TNLA2026/dt16/AC138.pdf,14.0,268165.0,241216.0,RECOVERED_MANUAL
139,https://elections.tn.gov.in/Form20_TNLA2026/dt16/AC139.pdf,13.0,287214.0,254985.0,RECOVERED_MANUAL
140,https://elections.tn.gov.in/Form20_TNLA2026/dt16/AC140.pdf,17.0,238980.0,196347.0,RECOVERED_MANUAL
141,https://elections.tn.gov.in/Form20_TNLA2026/dt16/AC141.pdf,18.0,220240.0,182493.0,RECOVERED_MANUAL
142,https://elections.tn.gov.in/Form20_TNLA2026/dt16/AC142.pdf,11.0,259701.0,213583.0,RECOVERED_MANUAL
143,https://elections.tn.gov.in/Form20_TNLA2026/dt16/AC143.pdf,13.0,212403.0,185213.0,RECOVERED_MANUAL
144,https://elections.tn.gov.in/Form20_TNLA2026/dt16/AC144.pdf,10.0,236632.0,209780.0,RECOVERED_MANUAL
145,https://elections.tn.gov.in/Form20_TNLA2026/dt16/AC145.pdf,19.0,214146.0,189141.0,RECOVERED_MANUAL
146,https://elections.tn.gov.in/Form20_TNLA2026/dt16/AC146.pdf,13.0,210753.0,184426.0,RECOVERED_MANUAL
147,https://elections.tn.gov.in/Form20_TNLA2026/dt17/AC147.pdf,33.0,290731.0,253860.0,MISSING_ELECTORS
148,https://elections.tn.gov.in/Form20_TNLA2026/dt17/AC148.pdf,50.0,268155.0,230664.0,MISSING_ELECTORS
149,https://elections.tn.gov.in/Form20_TNLA2026/dt31/AC149.pdf,24.0,262942.0,236042.0,MISSING_POLLED
150,https://elections.tn.gov.in/Form20_TNLA2026/dt31/AC150.pdf,24.0,262942.0,228895.0,MISSING_POLLED
151,https://elections.tn.gov.in/Form20_TNLA2026/dt18/AC151.pdf,,208984.0,175754.0,FINAL_PAGE_NOT_FOUND
152,https://elections.tn.gov.in/Form20_TNLA2026/dt18/AC152.pdf,,240765.0,209186.0,OK
153,https://elections.tn.gov.in/Form20_TNLA2026/dt18/AC153.pdf,,191271.0,169049.0,OK
154,https://elections.tn.gov.in/Form20_TNLA2026/dt18/AC154.pdf,,241767.0,211015.0,OK
155,https://elections.tn.gov.in/Form20_TNLA2026/dt18/AC155.pdf,,223149.0,190656.0,OK
156,https://elections.tn.gov.in/Form20_TNLA2026/dt18/AC156.pdf,,238189.0,214326.0,OK
157,https://elections.tn.gov.in/Form20_TNLA2026/dt18/AC157.pdf,,233259.0,207463.0,OK
158,https://elections.tn.gov.in/Form20_TNLA2026/dt18/AC158.pdf,,231236.0,197092.0,OK
159,https://elections.tn.gov.in/Form20_TNLA2026/dt18/AC159.pdf,,226333.0,188220.0,OK
160,https://elections.tn.gov.in/Form20_TNLA2026/dt38/AC160.pdf,9.0,241432.0,200546.0,OK
161,https://elections.tn.gov.in/Form20_TNLA2026/dt38/AC161.pdf,6.0,234622.0,188691.0,OK
162,https://elections.tn.gov.in/Form20_TNLA2026/dt38/AC162.pdf,9.0,259332.0,219814.0,OK
163,https://elections.tn.gov.in/Form20_TNLA2026/dt19/AC163.pdf,11.0,174736.0,151512.0,MISSING_ELECTORS
164,https://elections.tn.gov.in/Form20_TNLA2026/dt19/AC164.pdf,16.0,170633.0,151750.0,MISSING_ELECTORS
165,https://elections.tn.gov.in/Form20_TNLA2026/dt19/AC165.pdf,12.0,187527.0,162476.0,MISSING_ELECTORS
166,https://elections.tn.gov.in/Form20_TNLA2026/dt20/AC166.pdf,9.0,226940.0,191133.0,OK
167,https://elections.tn.gov.in/Form20_TNLA2026/dt20/AC167.pdf,7.0,234554.0,194169.0,OK
168,https://elections.tn.gov.in/Form20_TNLA2026/dt20/AC168.pdf,13.0,260145.0,218012.0,OK
169,https://elections.tn.gov.in/Form20_TNLA2026/dt20/AC169.pdf,8.0,267576.0,231592.0,OK
170,https://elections.tn.gov.in/Form20_TNLA2026/dt21/AC170.pdf,7.0,257014.0,209468.0,OK
171,https://elections.tn.gov.in/Form20_TNLA2026/dt21/AC171.pdf,8.0,254383.0,208378.0,OK
172,https://elections.tn.gov.in/Form20_TNLA2026/dt21/AC172.pdf,8.0,256617.0,207867.0,OK
173,https://elections.tn.gov.in/Form20_TNLA2026/dt21/AC173.pdf,8.0,258597.0,222215.0,OK
174,https://elections.tn.gov.in/Form20_TNLA2026/dt21/AC174.pdf,9.0,252841.0,199040.0,OK
175,https://elections.tn.gov.in/Form20_TNLA2026/dt21/AC175.pdf,11.0,233758.0,195475.0,OK
176,https://elections.tn.gov.in/Form20_TNLA2026/dt21/AC176.pdf,10.0,242451.0,184152.0,OK
177,https://elections.tn.gov.in/Form20_TNLA2026/dt21/AC177.pdf,8.0,213974.0,176446.0,OK
178,https://elections.tn.gov.in/Form20_TNLA2026/dt22/AC178.pdf,54.0,196024.0,167618.0,MISSING_POLLED
179,https://elections.tn.gov.in/Form20_TNLA2026/dt22/AC179.pdf,61.0,225090.0,203999.0,MISSING_POLLED
180,https://elections.tn.gov.in/Form20_TNLA2026/dt22/AC180.pdf,37.0,225944.0,190615.0,OK_VERIFIED_EXTRACTION
181,https://elections.tn.gov.in/Form20_TNLA2026/dt22/AC181.pdf,68.0,220568.0,182792.0,MISSING_POLLED
182,https://elections.tn.gov.in/Form20_TNLA2026/dt22/AC182.pdf,39.0,212078.0,180483.0,MISSING_POLLED
183,https://elections.tn.gov.in/Form20_TNLA2026/dt22/AC183.pdf,45.0,229792.0,182730.0,MISSING_POLLED
184,https://elections.tn.gov.in/Form20_TNLA2026/dt23/AC184.pdf,13.0,306124.0,229625.0,OK_VERIFIED_EXTRACTION
185,https://elections.tn.gov.in/Form20_TNLA2026/dt23/AC185.pdf,18.0,275999.0,216016.0,OK_VERIFIED_EXTRACTION
186,https://elections.tn.gov.in/Form20_TNLA2026/dt23/AC186.pdf,18.0,278609.0,214716.0,OK_VERIFIED_EXTRACTION
187,https://elections.tn.gov.in/Form20_TNLA2026/dt23/AC187.pdf,17.0,260203.0,209091.0,OK_VERIFIED_EXTRACTION
188,https://elections.tn.gov.in/Form20_TNLA2026/dt24/AC188.pdf,6.0,230061.0,190822.0,OK
189,https://elections.tn.gov.in/Form20_TNLA2026/dt24/AC189.pdf,10.0,336738.0,272000.0,OK
190,https://elections.tn.gov.in/Form20_TNLA2026/dt24/AC190.pdf,6.0,215348.0,189224.0,OK
191,https://elections.tn.gov.in/Form20_TNLA2026/dt24/AC191.pdf,6.0,221326.0,161891.0,OK
192,https://elections.tn.gov.in/Form20_TNLA2026/dt24/AC192.pdf,11.0,180003.0,141598.0,OK
193,https://elections.tn.gov.in/Form20_TNLA2026/dt24/AC193.pdf,8.0,199725.0,148709.0,OK
194,https://elections.tn.gov.in/Form20_TNLA2026/dt24/AC194.pdf,8.0,275689.0,216866.0,OK
195,https://elections.tn.gov.in/Form20_TNLA2026/dt24/AC195.pdf,8.0,311705.0,255946.0,OK
196,https://elections.tn.gov.in/Form20_TNLA2026/dt24/AC196.pdf,7.0,262948.0,231544.0,OK
197,https://elections.tn.gov.in/Form20_TNLA2026/dt24/AC197.pdf,9.0,267969.0,224679.0,OK
198,https://elections.tn.gov.in/Form20_TNLA2026/dt25/AC198.pdf,11.0,257997.0,217699.0,RECOVERED_LAST_PAGE
199,https://elections.tn.gov.in/Form20_TNLA2026/dt25/AC199.pdf,15.0,266570.0,211514.0,RECOVERED_LAST_PAGE
200,https://elections.tn.gov.in/Form20_TNLA2026/dt25/AC200.pdf,14.0,264386.0,221116.0,RECOVERED_LAST_PAGE
201,https://elections.tn.gov.in/Form20_TNLA2026/dt25/AC201.pdf,15.0,257323.0,211077.0,RECOVERED_LAST_PAGE
202,https://elections.tn.gov.in/Form20_TNLA2026/dt26/AC202.pdf,4.0,214646.0,183212.0,OK
203,https://elections.tn.gov.in/Form20_TNLA2026/dt26/AC203.pdf,6.0,224903.0,193627.0,OK
204,https://elections.tn.gov.in/Form20_TNLA2026/dt26/AC204.pdf,5.0,230149.0,199038.0,OK
205,https://elections.tn.gov.in/Form20_TNLA2026/dt26/AC205.pdf,8.0,228465.0,193594.0,OK
206,https://elections.tn.gov.in/Form20_TNLA2026/dt26/AC206.pdf,7.0,200938.0,168517.0,OK
207,https://elections.tn.gov.in/Form20_TNLA2026/dt26/AC207.pdf,4.0,208168.0,178698.0,OK
208,https://elections.tn.gov.in/Form20_TNLA2026/dt26/AC208.pdf,4.0,205681.0,181638.0,OK
209,https://elections.tn.gov.in/Form20_TNLA2026/dt27/AC209.pdf,10.0,235109.0,190014.0,OK
210,https://elections.tn.gov.in/Form20_TNLA2026/dt27/AC210.pdf,7.0,284130.0,220448.0,OK
211,https://elections.tn.gov.in/Form20_TNLA2026/dt27/AC211.pdf,10.0,312463.0,237696.0,OK
212,https://elections.tn.gov.in/Form20_TNLA2026/dt27/AC212.pdf,7.0,299702.0,231373.0,OK
213,https://elections.tn.gov.in/Form20_TNLA2026/dt28/AC213.pdf,7.0,205465.0,175030.0,OK
214,https://elections.tn.gov.in/Form20_TNLA2026/dt28/AC214.pdf,9.0,250803.0,204992.0,OK
215,https://elections.tn.gov.in/Form20_TNLA2026/dt28/AC215.pdf,8.0,233061.0,186322.0,OK
216,https://elections.tn.gov.in/Form20_TNLA2026/dt28/AC216.pdf,6.0,214630.0,176594.0,OK
217,https://elections.tn.gov.in/Form20_TNLA2026/dt28/AC217.pdf,8.0,244686.0,196554.0,OK
218,https://elections.tn.gov.in/Form20_TNLA2026/dt28/AC218.pdf,5.0,242359.0,194497.0,OK
219,https://elections.tn.gov.in/Form20_TNLA2026/dt34/AC219.pdf,7.0,239035.0,197670.0,OK
220,https://elections.tn.gov.in/Form20_TNLA2026/dt34/AC220.pdf,6.0,229179.0,190256.0,OK
221,https://elections.tn.gov.in/Form20_TNLA2026/dt34/AC221.pdf,6.0,269723.0,222360.0,OK
222,https://elections.tn.gov.in/Form20_TNLA2026/dt34/AC222.pdf,6.0,282002.0,235213.0,OK
223,https://elections.tn.gov.in/Form20_TNLA2026/dt34/AC223.pdf,9.0,255730.0,221103.0,OK
224,https://elections.tn.gov.in/Form20_TNLA2026/dt29/AC224.pdf,7.0,276296.0,219060.0,OK
225,https://elections.tn.gov.in/Form20_TNLA2026/dt29/AC225.pdf,14.0,228246.0,191613.0,OK
226,https://elections.tn.gov.in/Form20_TNLA2026/dt29/AC226.pdf,7.0,257498.0,181061.0,OK
227,https://elections.tn.gov.in/Form20_TNLA2026/dt29/AC227.pdf,5.0,257480.0,209548.0,OK
228,https://elections.tn.gov.in/Form20_TNLA2026/dt29/AC228.pdf,5.0,247310.0,200446.0,OK
229,https://elections.tn.gov.in/Form20_TNLA2026/dt30/AC229.pdf,,239978.0,239978.0,OK
230,https://elections.tn.gov.in/Form20_TNLA2026/dt30/AC230.pdf,,259361.0,196545.0,RECOVERED_LAST_PAGE
231,https://elections.tn.gov.in/Form20_TNLA2026/dt30/AC231.pdf,11.0,266055.0,199711.0,MISSING_ELECTORS
232,https://elections.tn.gov.in/Form20_TNLA2026/dt30/AC232.pdf,,237160.0,181647.0,RECOVERED_LAST_PAGE
233,https://elections.tn.gov.in/Form20_TNLA2026/dt30/AC233.pdf,,228697.0,175453.0,RECOVERED_LAST_PAGE
234,https://elections.tn.gov.in/Form20_TNLA2026/dt30/AC234.pdf,,247289.0,178628.0,RECOVERED_LAST_PAGE
